chrom	pos	ref	alt	filter	tlod	effect	impact	gene	gene_id	feature_type	transcript	biotype	hgvs_c	hgvs_p
chr3	179234297	A	G	PASS	301.38	missense_variant	MODERATE	PIK3CA	ENSG00000121879	transcript	ENST00000263967.4	protein_coding	c.3140A>G	p.His1047Arg
chr16	68811854	C	T	PASS	228.38	stop_gained	HIGH	CDH1	ENSG00000039068	transcript	ENST00000261769.10	protein_coding	c.1003C>T	p.Arg335*
chr11	108316069	G	A	PASS	9.31	missense_variant	MODERATE	ATM	ENSG00000149311	transcript	ENST00000452508.6	protein_coding	c.6154G>A	p.Glu2052Lys
chr3	179226040	G	A	PASS	7.87	missense_variant&splice_region_variant	MODERATE	PIK3CA	ENSG00000121879	transcript	ENST00000263967.4	protein_coding	c.2495G>A	p.Arg832Gln
chr16	68819273	C	T	PASS	7.43	splice_region_variant&intron_variant	LOW	CDH1	ENSG00000039068	transcript	ENST00000261769.10	protein_coding	c.1566-7C>T	
chr17	31327839	G	A	PASS	7.41	missense_variant&splice_region_variant	MODERATE	NF1	ENSG00000196712	transcript	ENST00000358273.9	protein_coding	c.5609G>A	p.Arg1870Gln
chr11	108289762	G	A	PASS	7.18	missense_variant	MODERATE	ATM	ENSG00000149311	transcript	ENST00000452508.6	protein_coding	c.4397G>A	p.Arg1466Gln
chr16	68828263	G	A	PASS	6.68	missense_variant	MODERATE	CDH1	ENSG00000039068	transcript	ENST00000261769.10	protein_coding	c.2254G>A	p.Val752Ile
